Theta,Phi,x,y,z
0.983560,1.855825,0.531708,0.798888,-0.281185
2.882885,0.958603,-0.791155,0.209370,0.574664
2.708241,1.731602,-0.895855,0.414498,-0.160113
1.381957,0.585649,0.103760,0.542914,0.833354
0.411518,1.317410,0.887250,0.387228,0.250683
1.371132,2.083845,0.172804,0.853943,-0.490836
3.590237,0.607618,-0.514413,-0.247630,0.821010
4.019045,0.466280,-0.287324,-0.345767,0.893247
0.376637,2.169559,0.768134,0.303811,-0.563621
2.016181,1.980841,-0.395092,0.827635,-0.398651
1.796458,1.644062,-0.223151,0.972031,-0.073200
2.817440,2.641935,-0.454173,0.152604,-0.877747
1.714255,0.552760,-0.075063,0.519644,0.851079
1.368665,2.022525,0.180621,0.881377,-0.436522
2.339239,1.750986,-0.683764,0.707353,-0.179216
0.173482,2.668387,0.448902,0.078667,-0.890112
3.873674,1.103371,-0.664000,-0.596719,0.450590
5.981106,0.892308,0.743271,-0.231615,0.627617
2.331089,2.647444,-0.326844,0.343681,-0.880373
2.702128,0.034905,-0.031582,0.014847,0.999391
1.052476,0.326431,0.158864,0.278546,0.947193
1.089688,2.036693,0.413440,0.792001,-0.449224
2.575274,2.097994,-0.729300,0.463679,-0.503113
0.100499,2.220271,0.792383,0.079903,-0.604768
2.013337,2.751199,-0.162967,0.343893,-0.924759
1.817350,1.187836,-0.226384,0.899512,0.373668
1.349138,2.484403,0.134304,0.595948,-0.791712
4.504248,2.265691,-0.158725,-0.751542,-0.640305
2.368965,0.679796,-0.450152,0.438799,0.777701
5.860698,2.027516,0.818588,-0.368004,-0.441006
1.183057,3.053209,0.033374,0.081716,-0.996097
4.178682,2.655717,-0.237568,-0.402039,-0.884266
4.842761,2.218379,0.103683,-0.790776,-0.603260
2.472530,2.522996,-0.454870,0.359679,-0.814693
0.197748,2.094113,0.849286,0.170168,-0.499756
1.190294,2.611194,0.187876,0.469696,-0.862605
1.497525,0.293515,0.021180,0.288542,0.957233
0.305472,2.107823,0.819456,0.258409,-0.511583
0.087160,0.080764,0.080370,0.007023,0.996740
2.851118,1.672083,-0.953198,0.284939,-0.101113
4.391836,0.071124,-0.022392,-0.067444,0.997472
2.727686,0.407857,-0.363149,0.159525,0.917973
3.683967,2.952134,-0.161299,-0.097209,-0.982106
3.437312,0.540042,-0.491853,-0.149844,0.857687
3.176309,0.163860,-0.163029,-0.005662,0.986605
6.095532,1.101052,0.876030,-0.166347,0.452658
1.615599,0.200416,-0.008916,0.198877,0.979984
5.136562,2.279000,0.312599,-0.692221,-0.650471
3.324469,2.059252,-0.868333,-0.160592,-0.469263
2.522937,0.998193,-0.684715,0.487436,0.541822
5.567619,0.519009,0.374357,-0.325411,0.868311
3.105175,1.188911,-0.927349,0.033787,0.372670
0.616754,1.573573,0.815757,0.578388,-0.002777
0.246808,0.995253,0.813476,0.204951,0.544291
3.805047,1.117792,-0.708402,-0.553726,0.437668
0.879405,1.913433,0.600546,0.725580,-0.335972
2.701607,1.187327,-0.839047,0.394992,0.374140
4.876817,1.253457,0.155515,-0.937255,0.312039
0.757854,1.325750,0.704615,0.666830,0.242601
2.445311,1.079988,-0.676662,0.565657,0.471339
2.189733,1.641545,-0.578718,0.812458,-0.070689
2.101614,1.011561,-0.429119,0.731017,0.530538
5.206620,2.168712,0.392059,-0.727605,-0.562921
0.670371,1.724017,0.774411,0.613998,-0.152621
2.043290,1.859685,-0.436249,0.853537,-0.284887
2.123531,2.569336,-0.284312,0.460892,-0.840681
5.739740,0.290729,0.245354,-0.148224,0.958035
4.978562,1.143027,0.239340,-0.877851,0.414842
3.532708,1.135369,-0.838221,-0.345648,0.421798
4.944317,1.547566,0.229792,-0.972962,0.023228
2.595912,0.934027,-0.687256,0.417287,0.594601
5.989418,2.070742,0.840012,-0.254120,-0.479378
3.031946,2.704610,-0.420666,0.046310,-0.906033
6.041130,0.912414,0.767924,-0.189598,0.611838
4.282824,0.542882,-0.215153,-0.469670,0.856224
6.094998,2.068202,0.863308,-0.164409,-0.477147
0.466710,1.404551,0.880741,0.443747,0.165481
2.502099,1.099918,-0.715074,0.531841,0.453669
1.740168,1.360776,-0.164859,0.964032,0.208480
4.346126,2.272643,-0.273486,-0.713000,-0.645629
3.703428,2.706326,-0.356835,-0.224631,-0.906758
5.384989,2.122584,0.530558,-0.666116,-0.524211
0.780317,2.759263,0.265146,0.262466,-0.927798
0.715762,0.764808,0.522479,0.454347,0.721516
2.721522,1.276335,-0.873761,0.390271,0.290224
0.600478,0.237464,0.194088,0.132919,0.971938
5.405091,1.345176,0.622433,-0.750020,0.223711
1.456012,2.935103,0.023482,0.203676,-0.978757
1.787980,0.568822,-0.116066,0.525987,0.842536
6.257130,2.594954,0.519642,-0.013543,-0.854277
2.783233,2.528793,-0.538622,0.201731,-0.818041
1.246081,0.680021,0.200614,0.595949,0.777560
4.705345,0.215270,-0.001505,-0.213606,0.976919
4.788126,1.889249,0.071861,-0.946998,-0.313097
3.146200,2.370004,-0.697268,-0.003212,-0.716804
5.953433,0.667428,0.585620,-0.200427,0.785416
1.319843,0.928188,0.198795,0.775459,0.599286
6.185208,0.642002,0.595929,-0.058575,0.800898
2.487460,2.941992,-0.157349,0.120646,-0.980146
2.765924,1.778150,-0.910336,0.359035,-0.205871
0.157428,2.057075,0.873146,0.138604,-0.467339
5.056579,0.629667,0.198707,-0.554337,0.808224
4.950398,3.105408,0.008529,-0.035157,-0.999345
4.947752,1.302051,0.224826,-0.937524,0.265522
3.083228,0.920513,-0.794557,0.046427,0.605412
6.066515,2.526834,0.563276,-0.123992,-0.816913
0.120186,3.053035,0.087804,0.010604,-0.996081
0.810651,1.839822,0.664243,0.698668,-0.265792
2.510115,1.058423,-0.703504,0.514529,0.490247
3.214539,2.852088,-0.284719,-0.020806,-0.958385
2.834040,0.638952,-0.568372,0.180533,0.802721
4.923286,2.796230,0.070868,-0.331037,-0.940953
3.543963,2.801920,-0.306570,-0.130473,-0.942864
4.911675,1.529249,0.197799,-0.979362,0.041535
6.181078,0.068920,0.068506,-0.007019,0.997626
1.386754,2.202836,0.147653,0.793198,-0.590792
0.080152,2.846257,0.290127,0.023304,-0.956704
3.629361,2.020348,-0.795610,-0.422091,-0.434562
5.582270,0.671591,0.475542,-0.401288,0.782833
4.621763,2.521721,-0.052575,-0.578547,-0.813953
0.201699,2.943527,0.192784,0.039420,-0.980449
2.534615,1.354713,-0.802274,0.557123,0.214406
3.304344,0.816183,-0.718909,-0.118048,0.685007
4.529652,1.629827,-0.181405,-0.981637,-0.058996
0.810953,0.698292,0.442842,0.466074,0.765941
3.932769,1.913011,-0.662245,-0.669942,-0.335574
3.885479,0.303176,-0.219688,-0.202166,0.954393
1.441485,1.608273,0.128860,0.990955,-0.037468
3.826310,2.622830,-0.384050,-0.313574,-0.868433
0.027886,1.393299,0.983906,0.027445,0.176567
6.208207,0.581049,0.547359,-0.041117,0.835887
1.724892,0.493793,-0.072748,0.468353,0.880542
0.238895,0.031396,0.030500,0.007428,0.999507
2.541761,3.086703,-0.045285,0.030970,-0.998494
3.708605,1.868602,-0.806381,-0.513472,-0.293423
5.062276,1.875632,0.326988,-0.896101,-0.300136
1.247187,1.726155,0.314161,0.936675,-0.154735
1.090210,1.916188,0.434997,0.834357,-0.338565
2.483616,1.110890,-0.709017,0.547977,0.443864
3.259894,1.722101,-0.981666,-0.116677,-0.150728
2.366362,0.207414,-0.147087,0.144126,0.978567
4.555301,1.026504,-0.133835,-0.844960,0.517813
0.706619,2.745333,0.293554,0.250598,-0.922511
2.805218,2.889060,-0.235855,0.082470,-0.968283
4.236822,1.809914,-0.444816,-0.863738,-0.236845
5.488359,3.089035,0.036795,-0.037496,-0.998619
0.687221,2.655590,0.361070,0.296321,-0.884207
1.736328,0.684747,-0.104217,0.623832,0.774579
0.546445,0.027571,0.023553,0.014326,0.999620
5.528018,0.667562,0.450782,-0.424319,0.785333
1.064451,1.940449,0.452225,0.815451,-0.361292
3.222439,1.983344,-0.913110,-0.073983,-0.400944
0.775648,3.097531,0.031448,0.030841,-0.999029
1.739823,0.849451,-0.126322,0.740217,0.660395
3.600974,2.468283,-0.558929,-0.276490,-0.781762
0.897640,1.946766,0.579910,0.727246,-0.367174
4.231215,1.589901,-0.462735,-0.886291,-0.019104
0.004352,1.897981,0.946942,0.004121,-0.321378
5.454149,2.648391,0.319855,-0.349064,-0.880822
0.382688,1.104452,0.828607,0.333541,0.449624
3.123659,2.644438,-0.476850,0.008553,-0.878943
6.203628,2.101415,0.859766,-0.068545,-0.506067
3.006813,0.776065,-0.694124,0.094124,0.713675
0.535516,0.065554,0.056336,0.033427,0.997852
2.738904,1.095039,-0.817840,0.348372,0.458012
3.874986,1.846031,-0.714946,-0.644199,-0.271772
1.556751,1.264396,0.013391,0.953331,0.301629
4.862935,0.216141,0.032165,-0.212036,0.976732
4.117673,0.491347,-0.264345,-0.390807,0.881698
2.461242,1.805223,-0.756090,0.611859,-0.232286
6.125955,0.021840,0.021568,-0.003419,0.999762
5.778079,1.619344,0.874092,-0.483330,-0.048528
1.038293,1.779362,0.496690,0.842868,-0.207057
0.772166,3.117656,0.017147,0.016699,-0.999714
4.991451,2.264607,0.211773,-0.739072,-0.639472
1.655034,1.596031,-0.084111,0.996137,-0.025232
0.147892,1.571994,0.989083,0.147354,-0.001198
2.025826,0.010969,-0.004821,0.009853,0.999940
2.437453,2.320002,-0.558083,0.474030,-0.681058
3.401976,1.661552,-0.962314,-0.256392,-0.090631
1.347734,2.114930,0.189268,0.834379,-0.517677
4.822352,1.846581,0.105595,-0.956400,-0.272302
2.514804,1.881890,-0.771039,0.558392,-0.306100
1.432569,0.930638,0.110506,0.794352,0.597322
4.187297,0.407467,-0.198655,-0.342897,0.918127
0.388150,0.980947,0.769205,0.314524,0.556235
5.740974,2.657740,0.398470,-0.240054,-0.885209
4.947121,1.901462,0.219982,-0.919889,-0.324673
4.925158,2.002581,0.191787,-0.887740,-0.418492
2.721124,2.062757,-0.804636,0.359780,-0.472355
1.797592,1.519467,-0.224560,0.973109,0.051307
0.466241,1.121871,0.804754,0.404990,0.433997
0.052867,1.893131,0.947173,0.050121,-0.316782
4.171036,1.858148,-0.494168,-0.821873,-0.283414
5.691915,0.446270,0.358332,-0.240583,0.902063
0.711797,3.024523,0.088442,0.076295,-0.993155
5.233578,2.180222,0.408276,-0.711107,-0.572397
3.921426,0.470048,-0.322046,-0.318482,0.891547
3.560694,2.197623,-0.739801,-0.329578,-0.586578
0.196165,2.684409,0.432957,0.086037,-0.897299
3.174861,2.482812,-0.611814,-0.020362,-0.790739
4.419983,2.097414,-0.249201,-0.827816,-0.502612
1.686662,0.382250,-0.043122,0.370508,0.927828
3.298821,2.311210,-0.729084,-0.115587,-0.674594
0.398003,1.248473,0.874364,0.367619,0.316771
1.470388,0.660025,0.061460,0.610049,0.789977
0.312655,0.713311,0.622619,0.201266,0.756199
4.110744,0.036740,-0.020790,-0.030281,0.999325
2.807495,2.244087,-0.738547,0.256357,-0.623562
5.648139,1.291038,0.773746,-0.570152,0.276123
6.048725,1.488730,0.969366,-0.231536,0.081974
3.013644,3.029735,-0.110712,0.014243,-0.993750
1.175206,0.896811,0.301092,0.720997,0.624105
6.061214,0.332889,0.318758,-0.071940,0.945102
5.277946,1.630213,0.534941,-0.842800,-0.059382
5.633028,0.183615,0.145336,-0.110521,0.983190
0.972642,1.542343,0.562890,0.826042,0.028450
0.201900,0.055664,0.054505,0.011157,0.998451
3.895830,2.332296,-0.527503,-0.495611,-0.690008
5.806719,1.582214,0.888563,-0.458612,-0.011418
2.295862,0.178711,-0.117889,0.133047,0.984074
5.865246,0.199643,0.181249,-0.080493,0.980137
4.184738,3.100239,-0.020816,-0.035719,-0.999145
3.730865,0.033158,-0.027560,-0.018424,0.999450
0.261691,2.237040,0.759383,0.203388,-0.618038
3.995236,0.211932,-0.138250,-0.158536,0.977626
5.014714,1.954340,0.276108,-0.885286,-0.374209
1.017380,1.900688,0.497255,0.804860,-0.323941
1.066956,3.063231,0.037794,0.068554,-0.996931
3.876950,0.660516,-0.454984,-0.411584,0.789676
4.378296,0.286259,-0.092591,-0.266752,0.959307
1.248793,0.755874,0.217073,0.650671,0.727672
5.941715,1.458395,0.936317,-0.332760,0.112165
0.241144,0.560365,0.516117,0.126928,0.847061
6.055091,0.840835,0.725899,-0.168506,0.666841
4.365830,2.157747,-0.282815,-0.783131,-0.553825
2.340044,1.050885,-0.603681,0.623503,0.496803
3.684319,2.408818,-0.572811,-0.345486,-0.743321
0.088714,1.935115,0.930692,0.082783,-0.356313
2.516737,0.982781,-0.674827,0.486729,0.554710
4.244191,2.213367,-0.361275,-0.714404,-0.599255
4.443662,0.845459,-0.198670,-0.721420,0.663388
6.171082,3.105122,0.036233,-0.004079,-0.999335
0.248611,2.293479,0.726974,0.184552,-0.661399
0.103236,1.795482,0.969674,0.100463,-0.222800
1.007136,0.625570,0.312855,0.494976,0.810629
4.858318,2.265341,0.111726,-0.760179,-0.640035
3.149019,1.508533,-0.998035,-0.007412,0.062223
2.013496,3.120782,-0.008914,0.018803,-0.999783
0.180512,3.083792,0.056830,0.010371,-0.998330
0.753779,1.106167,0.651814,0.611844,0.448091
1.504319,2.085410,0.057824,0.868560,-0.492198
3.959205,1.089582,-0.606290,-0.646666,0.462856
0.285789,0.608591,0.548523,0.161174,0.820454
5.136812,0.312548,0.126621,-0.280203,0.951553
2.938483,3.086139,-0.054286,0.011180,-0.998463
3.295153,1.632081,-0.986378,-0.152670,-0.061246
0.822422,0.134733,0.091401,0.098433,0.990937
2.860503,0.866162,-0.731949,0.211339,0.647755
1.870418,1.283031,-0.283022,0.916161,0.283810
5.073256,2.579871,0.188069,-0.498337,-0.846339
6.219806,0.899602,0.781507,-0.049598,0.621921
4.302067,1.388106,-0.392266,-0.901732,0.181676
5.284192,0.450655,0.235700,-0.366270,0.900162
4.789026,1.192865,0.071159,-0.926702,0.368999
3.416347,0.589188,-0.534843,-0.150763,0.831392
1.876825,1.782279,-0.294562,0.932294,-0.209909
0.751005,1.266750,0.697475,0.651075,0.299384
1.338219,1.518998,0.230177,0.971770,0.051775
2.904978,1.632184,-0.970306,0.233971,-0.061349
5.890031,0.201060,0.184471,-0.076509,0.979855
5.447587,0.609233,0.383820,-0.424428,0.820087
4.062357,3.105005,-0.022138,-0.029120,-0.999331
2.159775,1.217297,-0.521163,0.780094,0.346183
4.633006,1.733094,-0.078258,-0.983751,-0.161586
2.025524,0.182958,-0.079911,0.163450,0.983310
2.427976,1.589236,-0.755871,0.654461,-0.018439
0.782132,0.242174,0.170127,0.169019,0.970819
3.448570,2.017162,-0.859854,-0.272572,-0.431690
2.730762,2.487087,-0.558111,0.243124,-0.793349
1.647207,3.024866,-0.008890,0.116121,-0.993195
4.802633,0.056992,0.005133,-0.056730,0.998376
3.671344,2.520476,-0.502178,-0.294067,-0.813229
1.013596,2.478583,0.325479,0.522392,-0.788144
0.796700,2.796257,0.236644,0.242054,-0.940962
5.590346,1.356996,0.751917,-0.624182,0.212175
1.619812,0.558493,-0.025963,0.529272,0.848055
5.468235,1.892647,0.650684,-0.690326,-0.316323
3.980563,0.355943,-0.232861,-0.259249,0.937318
1.749645,1.478849,-0.177145,0.979892,0.091818
2.324033,1.345152,-0.666664,0.710987,0.223734
0.363053,2.158725,0.777853,0.295500,-0.554638
0.474346,1.161647,0.816164,0.419056,0.397829
4.987568,0.451414,0.118534,-0.419825,0.899831
1.984240,0.891584,-0.312601,0.712510,0.628180
4.659877,1.291885,-0.050459,-0.960031,0.275309
0.939482,1.884046,0.561486,0.767969,-0.308152
3.064762,2.123378,-0.848662,0.065332,-0.524886
0.117650,2.744445,0.384116,0.045401,-0.922168
0.718305,2.034558,0.673396,0.588597,-0.447316
1.794110,0.828439,-0.163191,0.718579,0.676027
1.543107,2.471592,0.017192,0.620748,-0.783821
2.799114,1.633166,-0.940094,0.335170,-0.062330
1.115804,1.720065,0.434568,0.888276,-0.148715
6.046252,0.756051,0.666887,-0.161033,0.727551
3.410397,0.496974,-0.459646,-0.126619,0.879029
0.170329,0.969043,0.812415,0.139731,0.566089
2.033871,2.326347,-0.325151,0.651235,-0.685689
5.462207,0.460956,0.303137,-0.325514,0.895628
2.168745,1.425558,-0.557022,0.817790,0.144728
1.666246,2.647649,-0.045184,0.471944,-0.880470
2.043586,2.892696,-0.112174,0.219312,-0.969185
1.954396,2.028383,-0.335758,0.831921,-0.441784
5.821491,1.520021,0.894145,-0.444891,0.050753
3.538127,2.303336,-0.685788,-0.287149,-0.668760
1.554724,0.904118,0.012630,0.785778,0.618379
1.489695,2.154101,0.067616,0.831904,-0.550785
0.375379,0.412040,0.372593,0.146826,0.916306
4.253843,2.437870,-0.286418,-0.580217,-0.762439
2.258122,1.652789,-0.632341,0.770349,-0.081901
3.160210,3.134339,-0.007252,-0.000135,-0.999974
4.972829,0.702507,0.166383,-0.624343,0.763225
2.279871,1.462962,-0.647350,0.754556,0.107626
5.201398,0.757864,0.322894,-0.606811,0.726306
1.918063,2.189516,-0.277240,0.765994,-0.579993
6.280871,1.555912,0.999887,-0.002314,0.014883
1.830926,0.845052,-0.192391,0.722840,0.663693
3.381237,2.830531,-0.297323,-0.072648,-0.952009
3.136973,0.437109,-0.423318,0.001956,0.905979
0.150670,1.198641,0.920992,0.139825,0.363624
0.078984,1.124849,0.899390,0.071186,0.431312
4.092715,2.963091,-0.103119,-0.144542,-0.984111
2.259424,0.912946,-0.502860,0.610984,0.611417
1.253974,1.422582,0.308133,0.939812,0.147672
0.124602,0.119509,0.118301,0.014817,0.992867
3.616114,2.240634,-0.697308,-0.358184,-0.620859
2.157248,1.458090,-0.549898,0.827625,0.112468
2.330351,1.046480,-0.596097,0.627732,0.500621
3.347139,1.113869,-0.878521,-0.183164,0.441193
3.935403,2.587755,-0.368765,-0.375022,-0.850512
4.125426,0.385252,-0.208127,-0.312895,0.926704
4.749752,0.914810,0.029601,-0.791894,0.609941
0.590583,3.033568,0.089552,0.060036,-0.994171
3.726896,1.048396,-0.722369,-0.478769,0.498962
3.061424,0.726217,-0.661913,0.053179,0.747692
5.617663,1.366933,0.770305,-0.604683,0.202454
1.178916,0.467140,0.171995,0.416196,0.892860
5.241785,0.667385,0.312570,-0.534210,0.785443
3.775819,1.714898,-0.797181,-0.586413,-0.143603
3.375462,1.422433,-0.962090,-0.229197,0.147820
2.847904,1.795346,-0.933152,0.282217,-0.222667
4.844717,2.503230,0.078622,-0.590672,-0.803072
5.746734,1.479389,0.855940,-0.508955,0.091280
1.109409,1.849504,0.428012,0.860883,-0.275113
1.149440,0.664909,0.252347,0.563022,0.786973
5.359796,0.686757,0.382398,-0.505736,0.773306
4.185969,3.040710,-0.050602,-0.087076,-0.994916
5.342767,2.896812,0.142849,-0.195766,-0.970191
1.799777,0.494687,-0.107763,0.462364,0.880117
2.811303,1.149043,-0.863058,0.295898,0.409360
0.814754,2.023187,0.617035,0.654368,-0.437117
0.666605,0.310492,0.240122,0.188914,0.952183
3.261783,0.332768,-0.324304,-0.039167,0.945142
0.327089,3.106154,0.033553,0.011384,-0.999372
2.444188,0.197873,-0.150684,0.126253,0.980487
2.472079,2.680131,-0.349137,0.276329,-0.895403
6.100501,1.532244,0.982629,-0.181535,0.038542
5.372160,0.021291,0.013049,-0.016822,0.999773
5.366886,2.039742,0.543042,-0.707708,-0.451946
0.180658,0.924810,0.785511,0.143473,0.601986
4.074704,2.860006,-0.165432,-0.223270,-0.960616
3.070495,1.960068,-0.922848,0.065723,-0.379515
0.133667,2.176977,0.814499,0.109525,-0.569732
0.496576,1.779822,0.860082,0.466048,-0.207507
3.821601,0.666636,-0.480805,-0.388815,0.785906
0.517427,0.274131,0.235273,0.133906,0.962661
4.550345,0.910504,-0.127425,-0.779466,0.613348
1.299321,2.725404,0.108408,0.389472,-0.914636
3.166025,1.393058,-0.983952,-0.024045,0.176804
0.740960,0.221212,0.161887,0.148102,0.975632
2.889944,0.639914,-0.578319,0.148685,0.802147
4.783138,2.880902,0.018220,-0.257103,-0.966212
5.439535,2.673323,0.300025,-0.337187,-0.892351
1.248152,1.157061,0.290322,0.868380,0.402032
5.868809,0.645751,0.550866,-0.242296,0.798648
0.151278,2.171416,0.815564,0.124326,-0.565154
4.960052,2.603761,0.125578,-0.496644,-0.858822
4.977922,2.867461,0.071041,-0.261223,-0.962661
4.961719,2.928882,0.052092,-0.204582,-0.977462
5.226465,1.425105,0.486521,-0.861523,0.145176
5.842143,2.192979,0.734847,-0.346888,-0.582810
1.350712,1.624060,0.218003,0.974495,-0.053239
0.042826,1.025773,0.854331,0.036610,0.518438
5.919191,2.000217,0.849638,-0.323686,-0.416344
1.153518,2.139514,0.341481,0.770294,-0.538552
1.442035,1.197226,0.119550,0.923323,0.364941
0.043143,1.019974,0.851302,0.036751,0.523388
4.653485,2.496329,-0.035405,-0.600366,-0.798941
5.265797,2.784068,0.183934,-0.297722,-0.936766
0.070194,0.499158,0.477508,0.033573,0.877986
1.042294,0.941334,0.407600,0.698056,0.588710
5.033444,0.572567,0.170972,-0.514108,0.840513
0.588116,1.137165,0.754984,0.503446,0.420168
4.316255,0.856786,-0.291607,-0.697217,0.654870
1.271102,1.098564,0.262917,0.850860,0.454875
1.151765,1.305910,0.392685,0.881623,0.261799
5.220201,1.951404,0.451469,-0.811280,-0.371485
5.364297,2.209281,0.487183,-0.638327,-0.595979
5.527803,0.288253,0.206957,-0.194892,0.958742
4.174460,2.069691,-0.449908,-0.754098,-0.478455
2.001121,1.329100,-0.405040,0.882414,0.239350
4.596906,2.737820,-0.045271,-0.390273,-0.919585
2.315742,0.153708,-0.103794,0.112550,0.988210
6.209955,0.454336,0.437689,-0.032110,0.898553
3.696582,2.222963,-0.675480,-0.418792,-0.606910
3.231376,2.420561,-0.657501,-0.059192,-0.751125
0.814764,0.538959,0.352105,0.373417,0.858243
1.665189,2.473007,-0.058425,0.617117,-0.784699
1.936792,1.223805,-0.336550,0.878115,0.340070
3.417215,1.209019,-0.899969,-0.254529,0.353937
2.105547,0.345333,-0.172514,0.291253,0.940963
1.497509,2.973549,0.012247,0.166804,-0.985914
2.954628,3.105845,-0.035117,0.006643,-0.999361
5.693665,0.530491,0.420555,-0.281293,0.862559
1.356496,1.187859,0.197261,0.906353,0.373647
6.133103,2.042417,0.880819,-0.133197,-0.454331
2.232833,3.063833,-0.047753,0.061271,-0.996978
5.418862,2.247664,0.506042,-0.592961,-0.626354
4.086262,2.057397,-0.517991,-0.716250,-0.467623
5.837787,2.698520,0.386892,-0.184699,-0.903438
0.908806,2.982061,0.097647,0.125301,-0.987302
3.341733,0.436234,-0.414095,-0.084002,0.906349
6.149540,1.402630,0.977102,-0.131368,0.167375
3.670949,2.277378,-0.656486,-0.384079,-0.649238
2.700127,0.466326,-0.406502,0.192102,0.893226
5.661274,0.952114,0.662115,-0.474603,0.579962
1.955971,1.123204,-0.338709,0.835442,0.432796
2.106701,0.451851,-0.222952,0.375419,0.899641
6.267355,2.775035,0.358359,-0.005673,-0.933566
4.417512,1.944502,-0.270564,-0.890798,-0.365067
3.077760,3.027799,-0.113317,0.007243,-0.993532
2.543235,2.708280,-0.346930,0.236512,-0.907580
3.029915,0.376629,-0.365496,0.040988,0.929910
3.941805,0.133979,-0.093044,-0.095843,0.991038
0.248900,0.570775,0.523635,0.133093,0.841483
1.347104,0.534215,0.112949,0.496480,0.860668
1.908901,2.610793,-0.167914,0.477563,-0.862402
4.595783,2.571262,-0.062814,-0.536244,-0.841722
3.459801,1.933902,-0.887869,-0.292466,-0.355179
1.631146,0.987185,-0.050330,0.832959,0.551041
3.598019,0.908993,-0.708130,-0.347696,0.614540
3.939517,1.563187,-0.698174,-0.715888,0.007609
2.681934,0.400558,-0.349458,0.172990,0.920844
0.545699,1.691386,0.848557,0.515247,-0.120298
0.017069,0.070205,0.070137,0.001197,0.997537
1.604719,0.773007,-0.023683,0.697889,0.715814
1.835256,2.477563,-0.161092,0.594869,-0.787515
0.956572,1.132935,0.521954,0.740125,0.424004
5.123229,0.531720,0.202492,-0.464825,0.861936
0.022363,1.944878,0.930611,0.020815,-0.365418
4.252706,0.732977,-0.296849,-0.599630,0.743186
2.237745,2.970643,-0.105233,0.133664,-0.985424
2.686046,1.964915,-0.829174,0.406225,-0.383995
0.224444,0.534863,0.496938,0.113446,0.860338
3.632075,1.721015,-0.872172,-0.465746,-0.149655
0.247636,1.532688,0.968791,0.244935,0.038099
2.923572,2.509705,-0.576687,0.127760,-0.806914
2.466328,0.933120,-0.627150,0.502259,0.595330
5.079146,1.783981,0.350473,-0.912363,-0.211574
5.635841,0.561457,0.424705,-0.321086,0.846480
2.903101,1.392763,-0.956337,0.232503,0.177094
2.642278,0.246295,-0.214046,0.116743,0.969822
0.307875,0.814350,0.693083,0.220390,0.686342
2.321863,2.318855,-0.500220,0.535802,-0.680217
0.771626,1.763103,0.703565,0.684447,-0.191124
4.249486,0.653031,-0.271321,-0.543653,0.794246
3.520868,0.443481,-0.398593,-0.158868,0.903263
4.814263,0.321493,0.032135,-0.314345,0.948765
3.351882,0.374538,-0.357783,-0.076367,0.930677
3.944701,1.601760,-0.694141,-0.719173,-0.030958
5.878815,2.885134,0.233199,-0.099799,-0.967294
0.818274,2.765775,0.250861,0.267922,-0.930208
5.647110,0.493436,0.381023,-0.281371,0.880711
1.079542,2.130980,0.399631,0.746974,-0.531342
1.649193,1.376642,-0.076845,0.978197,0.192937
4.648209,2.802197,-0.021352,-0.332232,-0.942956
5.753904,2.286395,0.651435,-0.381058,-0.656069
5.322235,2.255542,0.443634,-0.634951,-0.632476
3.597645,2.338471,-0.645991,-0.316885,-0.694464
2.075538,0.836669,-0.359018,0.649836,0.669940
5.282040,2.963479,0.095556,-0.149196,-0.984180
5.676755,2.695039,0.354854,-0.246133,-0.901941
5.662861,1.762048,0.798854,-0.570701,-0.190088
0.698072,1.779636,0.749437,0.628777,-0.207325
4.261262,0.059108,-0.025755,-0.053163,0.998254
3.241322,2.393571,-0.676810,-0.067722,-0.733036
0.310937,2.823371,0.297875,0.095725,-0.949793
2.032663,1.240902,-0.421590,0.846949,0.323943
1.172992,0.495068,0.184048,0.437993,0.879936
4.516092,0.043459,-0.008474,-0.042611,0.999056
2.621169,1.370283,-0.850226,0.487285,0.199172
5.133565,2.582791,0.216751,-0.483838,-0.847891
4.144361,0.203551,-0.108750,-0.170403,0.979355
4.941063,0.631722,0.133866,-0.575163,0.807012
2.920247,1.272819,-0.932610,0.209868,0.293587
1.996559,0.771225,-0.287877,0.634788,0.717057
3.834868,2.840138,-0.228370,-0.189743,-0.954906
4.038942,1.944489,-0.580641,-0.727730,-0.365056
4.701643,1.824813,-0.010401,-0.967855,-0.251294
1.783372,1.704113,-0.209106,0.968817,-0.132922
5.991808,2.105820,0.823996,-0.247127,-0.509862
2.955270,1.924571,-0.921836,0.173774,-0.346441
5.168179,2.252331,0.341840,-0.697326,-0.629985
4.782985,0.056957,0.004015,-0.056785,0.998378
2.192775,3.125824,-0.009187,0.012815,-0.999876
5.757554,1.684894,0.859383,-0.498497,-0.113851
1.503247,1.036486,0.058090,0.858657,0.509248
3.456510,0.768454,-0.660845,-0.215275,0.718986
5.977230,0.425470,0.393581,-0.124322,0.910845
4.895889,2.752173,0.069276,-0.373278,-0.925129
2.028151,3.030208,-0.049083,0.099731,-0.993803
1.333121,1.963825,0.217492,0.897785,-0.382988
5.349212,1.214544,0.557307,-0.753507,0.348764
1.879449,0.687670,-0.192818,0.604743,0.772727
2.642260,2.268136,-0.672959,0.367056,-0.642181
5.058113,0.057423,0.019449,-0.053996,0.998352
2.463326,1.442404,-0.772253,0.622280,0.128040
3.277514,0.360260,-0.349266,-0.047767,0.935805
1.733043,1.674486,-0.160668,0.981567,-0.103504
3.074506,2.307503,-0.739019,0.049653,-0.671852
5.430263,1.481575,0.655168,-0.750210,0.089103
3.190515,0.644216,-0.599853,-0.029370,0.799571
4.402353,1.331500,-0.296399,-0.925186,0.237019
4.288657,1.645583,-0.410016,-0.909013,-0.074717
3.787401,1.203877,-0.745455,-0.561783,0.358742
2.052892,2.589296,-0.243244,0.464848,-0.851322
0.767871,1.793795,0.701578,0.677406,-0.221155
5.404418,0.817804,0.465588,-0.561793,0.683825
3.948547,2.810923,-0.224579,-0.234476,-0.945825
5.623858,2.236465,0.621656,-0.481801,-0.617585
3.651403,2.825545,-0.271288,-0.151680,-0.950471
5.029403,0.233917,0.072256,-0.220240,0.972766
5.563521,0.954255,0.613566,-0.537775,0.578217
5.810499,0.113524,0.100859,-0.051574,0.993563
2.397745,0.296640,-0.215100,0.197929,0.956324
1.628208,2.277824,-0.043626,0.759043,-0.649577
1.560945,2.758213,0.003685,0.374039,-0.927406
3.841960,1.821918,-0.740623,-0.624283,-0.248491
5.382027,2.941483,0.123381,-0.155850,-0.980045
0.093158,0.168035,0.166521,0.015558,0.985915
1.537490,0.145011,0.004812,0.144423,0.989504
3.571051,2.697378,-0.390724,-0.178938,-0.902948
0.660790,1.201402,0.736252,0.572341,0.361051
2.096762,2.247288,-0.391484,0.674379,-0.626061
0.664310,2.132342,0.666433,0.521839,-0.532495
5.827016,1.344667,0.874891,-0.429298,0.224207
0.348480,0.242877,0.226041,0.082122,0.970650
1.894875,0.228229,-0.072047,0.214475,0.974069
1.401784,3.013500,0.021487,0.125922,-0.991807
0.735724,1.264813,0.706910,0.639951,0.301231
3.728909,1.697406,-0.825768,-0.549693,-0.126272
4.588058,2.226289,-0.098309,-0.786628,-0.609550
6.060613,2.994495,0.142953,-0.032353,-0.989201
0.294523,1.154454,0.875193,0.265486,0.404418
0.789829,1.735752,0.694411,0.700592,-0.164209
2.454770,0.057938,-0.044776,0.036717,0.998322
1.675377,2.697560,-0.044844,0.427237,-0.903027
0.138031,0.602106,0.560992,0.077930,0.824145
5.694351,2.505074,0.494296,-0.330125,-0.804170
0.807654,0.457302,0.305183,0.319079,0.897247
1.553527,0.272890,0.004654,0.269475,0.962996
4.547229,2.648563,-0.077815,-0.466856,-0.880903
1.338885,1.164386,0.211117,0.893955,0.395314
5.934311,1.262562,0.895468,-0.325730,0.303377
2.800095,0.727327,-0.626482,0.222666,0.746954
2.111272,2.912507,-0.116846,0.194719,-0.973874
3.302401,0.923922,-0.787676,-0.127768,0.602695
2.666562,1.898267,-0.842022,0.433060,-0.321649
0.961077,0.929242,0.458778,0.656803,0.598441
0.393834,0.772993,0.644824,0.267952,0.715824
1.536082,1.541395,0.034693,0.998966,0.029398
3.297422,2.527208,-0.569471,-0.089466,-0.817128
0.257907,2.961525,0.173173,0.045680,-0.983832
3.796777,1.896251,-0.751311,-0.577320,-0.319740
3.618527,1.880786,-0.846062,-0.437178,-0.305049
2.161455,2.011134,-0.503784,0.751344,-0.426245
4.868107,1.299128,0.149402,-0.951669,0.268339
1.054623,0.094660,0.046650,0.082204,0.995523
4.840458,1.248251,0.121133,-0.940664,0.316982
0.592934,2.903157,0.195868,0.131978,-0.971709
6.166773,0.013545,0.013453,-0.001573,0.999908
1.703819,2.524566,-0.076742,0.573501,-0.815602
0.969544,2.771852,0.204420,0.297999,-0.932421
0.160772,2.952899,0.185157,0.030027,-0.982250
3.499806,1.575523,-0.936514,-0.350598,-0.004726
2.686269,2.676299,-0.402973,0.197311,-0.893690
1.436825,0.616529,0.077232,0.573025,0.815890
2.300262,0.383890,-0.249614,0.279223,0.927215
1.232975,2.205587,0.266868,0.759685,-0.593009
0.019990,2.722697,0.406671,0.008130,-0.913539
5.729074,2.702536,0.361480,-0.223675,-0.905153
3.208438,3.024886,-0.116182,-0.007778,-0.993197
0.957565,2.548310,0.321761,0.457216,-0.829110
0.308206,1.794558,0.929124,0.295787,-0.221899
1.077834,1.490586,0.471716,0.878102,0.080124
3.773952,2.116046,-0.689672,-0.505346,-0.518631
2.330296,0.042491,-0.029248,0.030804,0.999097
5.332140,1.423137,0.574512,-0.805165,0.147123
5.184091,1.419108,0.449185,-0.880568,0.151107
1.792370,3.026332,-0.025274,0.112194,-0.993365
5.332950,2.344092,0.416123,-0.582188,-0.698498
1.712829,1.614976,-0.141417,0.988964,-0.044166
3.837985,0.295469,-0.223389,-0.186784,0.956666
5.074302,0.212368,0.074628,-0.197122,0.977534
0.168234,2.080296,0.860664,0.146175,-0.487740
0.478360,0.470752,0.402645,0.208783,0.891228
3.468447,2.478546,-0.582933,-0.197623,-0.788121
1.651857,2.561490,-0.044381,0.546310,-0.836406
1.201759,1.696867,0.357855,0.925273,-0.125737
3.089446,0.815010,-0.726743,0.037932,0.685861
3.554835,2.496736,-0.550487,-0.241384,-0.799186
1.710646,1.120473,-0.125498,0.891517,0.435257
5.156992,0.336358,0.141955,-0.297964,0.943963
0.910975,2.253910,0.475431,0.612812,-0.631211
3.310249,1.300494,-0.950017,-0.161763,0.267023
0.964999,1.637866,0.568137,0.820200,-0.067020
3.681317,1.291911,-0.824705,-0.494044,0.275284
2.253550,2.102265,-0.543903,0.668822,-0.506800
5.158901,1.850062,0.415092,-0.867015,-0.275650
2.343886,0.418512,-0.283811,0.290884,0.913695
2.078761,0.541104,-0.250536,0.450046,0.857141
1.064034,1.026795,0.415286,0.748107,0.517564
2.261376,2.900780,-0.151915,0.183848,-0.971145
0.017176,0.265431,0.262286,0.004505,0.964980
5.333075,0.101806,0.059108,-0.082674,0.994822
3.528510,2.912435,-0.210365,-0.085714,-0.973858
1.155462,2.919442,0.088901,0.201596,-0.975426
0.556091,2.435733,0.550947,0.342423,-0.761054
1.376214,2.701087,0.082447,0.418350,-0.904536
1.254357,0.658647,0.190460,0.581659,0.790821
3.598458,0.845391,-0.671492,-0.330072,0.663439
4.234467,2.675612,-0.206648,-0.398956,-0.893382
0.906524,2.646358,0.292978,0.374186,-0.879857
4.128043,0.196840,-0.107888,-0.163121,0.980690
2.733120,2.895909,-0.223209,0.096609,-0.969971
5.307356,1.516034,0.559641,-0.826926,0.054735
0.466025,2.819616,0.282697,0.142190,-0.948612
3.012253,2.277326,-0.754266,0.098104,-0.649198
2.467572,2.275869,-0.595024,0.475317,-0.648089
2.170540,0.776738,-0.395641,0.578626,0.713204
0.679777,0.106173,0.082417,0.066617,0.994369
2.902789,2.362041,-0.683012,0.166279,-0.711228
4.854287,1.315478,0.136838,-0.957858,0.252553
0.422710,1.110354,0.817003,0.367510,0.444345
5.865357,0.050531,0.046164,-0.020495,0.998724
5.219539,0.377512,0.179029,-0.322213,0.929584
0.537003,2.740023,0.335848,0.199951,-0.920449
5.139061,0.576634,0.225630,-0.496327,0.838302
3.435134,2.840443,-0.283931,-0.085825,-0.954996
5.140937,2.148465,0.348122,-0.761981,-0.546073
4.048069,2.331727,-0.446483,-0.570185,-0.689595
0.444878,1.677535,0.897526,0.427898,-0.106536
0.570686,0.667676,0.521045,0.334477,0.785263
2.485171,2.218246,-0.631863,0.486779,-0.603154
0.227511,2.966948,0.169280,0.039192,-0.984788
3.263764,1.656828,-0.988875,-0.121417,-0.085926
4.592844,0.557779,-0.063125,-0.525525,0.848433
5.078504,1.644271,0.357025,-0.931206,-0.073408
4.959447,2.698711,0.104802,-0.415533,-0.903521
0.758375,1.804352,0.706245,0.669070,-0.231438
3.266231,1.534086,-0.991574,-0.124232,0.036702
5.443721,3.027492,0.076038,-0.084739,-0.993498
2.769971,1.593948,-0.931490,0.363030,-0.023150
2.865397,2.418313,-0.636763,0.180484,-0.749639
4.456191,1.575159,-0.253402,-0.967351,-0.004363
4.809148,0.843325,0.072152,-0.743365,0.664983
0.451371,1.851143,0.864719,0.419170,-0.276688
3.852892,1.265118,-0.722398,-0.622556,0.300940
6.114538,3.081680,0.059027,-0.010050,-0.998206
3.826092,0.315373,-0.240301,-0.196117,0.950681
6.085954,1.578361,0.980585,-0.195950,-0.007565
4.529349,1.618939,-0.181809,-0.982156,-0.048124
2.239173,2.185530,-0.506260,0.641148,-0.576741
5.240160,2.501010,0.300988,-0.516339,-0.801748
5.602294,0.410376,0.309992,-0.251136,0.916971
4.937483,0.375473,0.081850,-0.357461,0.930334
4.784433,1.372374,0.070569,-0.977836,0.197123
6.200269,1.909280,0.940019,-0.078122,-0.332057
1.945730,1.443107,-0.363230,0.922956,0.127343
2.057046,0.210205,-0.097510,0.184475,0.977988
3.673607,1.745883,-0.848611,-0.499515,-0.174194
6.133160,1.610214,0.987999,-0.149347,-0.039408
2.612288,0.481748,-0.399926,0.233950,0.886186
1.235216,0.629096,0.193775,0.555592,0.808560
1.328773,2.311685,0.176843,0.716364,-0.674944
3.357304,1.842819,-0.940906,-0.206172,-0.268681
1.067531,2.976242,0.079384,0.144190,-0.986361
1.456619,2.175425,0.093731,0.817356,-0.568457
2.807008,0.939846,-0.762691,0.265154,0.589912
6.064981,0.182639,0.177319,-0.039318,0.983368
4.425849,3.058166,-0.023552,-0.079933,-0.996522
6.065623,2.735061,0.386105,-0.085353,-0.918498
1.608375,0.330684,-0.012199,0.324461,0.945821
0.549228,0.770192,0.593871,0.363475,0.717777
0.950119,1.296461,0.559838,0.783065,0.270908
1.738831,1.228443,-0.157539,0.928700,0.335705
0.500162,0.113805,0.099649,0.054459,0.993531
5.206631,3.133357,0.003906,-0.007250,-0.999966
0.326905,0.406453,0.374416,0.126953,0.918529
6.279088,0.913353,0.791550,-0.003243,0.611095
3.627586,2.963851,-0.156335,-0.082584,-0.984245
5.948945,1.264734,0.900759,-0.312806,0.301306
4.262513,2.522383,-0.252386,-0.522643,-0.814337
1.436113,2.604346,0.068719,0.507137,-0.859121
3.688092,1.946140,-0.794871,-0.483519,-0.366592
1.763311,0.450347,-0.083281,0.427237,0.900296
0.818543,2.215548,0.546116,0.583572,-0.601000
5.622018,2.674182,0.355629,-0.276671,-0.892738
6.245708,1.120319,0.899607,-0.033730,0.435395
3.070733,2.954399,-0.185636,0.013176,-0.982530
5.031945,0.899841,0.246048,-0.743577,0.621734
6.193690,1.675269,0.990568,-0.088889,-0.104282
4.505429,2.281972,-0.155675,-0.741428,-0.652725
4.535407,1.737096,-0.173631,-0.970799,-0.165534
0.666913,2.235841,0.618286,0.486741,-0.617094
3.948664,2.227813,-0.547635,-0.571902,-0.610757
2.703243,1.042149,-0.781850,0.366504,0.504365
5.983096,1.664769,0.951095,-0.294302,-0.093835
0.647040,2.114003,0.683022,0.516054,-0.516884
2.976743,1.586226,-0.986326,0.164084,-0.015429
5.607192,2.385862,0.534999,-0.429099,-0.727771
4.183891,1.194548,-0.468965,-0.803159,0.367434
5.302334,1.687288,0.552545,-0.825339,-0.116228
3.328557,1.562376,-0.982538,-0.185870,0.008420
5.029039,2.759733,0.116037,-0.354120,-0.927973
1.840341,3.139927,-0.000444,0.001606,-0.999999
0.694995,2.159342,0.638831,0.532637,-0.555152
4.793834,0.442665,0.034848,-0.426930,0.903613
3.235529,0.687927,-0.632138,-0.059556,0.772564
1.437983,1.216707,0.124208,0.929702,0.346736
2.560679,0.377673,-0.308268,0.202370,0.929525
0.938523,1.393149,0.581679,0.793991,0.176715
0.332114,2.464655,0.592179,0.204236,-0.779495
0.247232,2.359465,0.683360,0.172477,-0.709416
4.420052,0.270308,-0.076955,-0.255699,0.963689
2.011075,2.640002,-0.204922,0.434966,-0.876819
2.764689,2.139860,-0.783276,0.310042,-0.538844
4.198997,2.499384,-0.294173,-0.521749,-0.800775
1.163278,2.932098,0.082423,0.190934,-0.978136
4.107518,1.647168,-0.566998,-0.820178,-0.076298
5.844159,1.004537,0.763882,-0.358713,0.536479
1.647182,2.357169,-0.053907,0.704357,-0.707796
3.814160,0.609017,-0.447480,-0.356392,0.820211
4.342221,2.097815,-0.312683,-0.805768,-0.502959
1.731673,0.268461,-0.042488,0.261823,0.964180
4.189085,2.290066,-0.375951,-0.651610,-0.658836
2.348410,1.049183,-0.608282,0.617827,0.498280
2.888797,1.031376,-0.830737,0.214597,0.513638
4.406989,0.436882,-0.127221,-0.403538,0.906075
2.351485,0.193510,-0.135338,0.136619,0.981335
5.999177,0.588843,0.533150,-0.155626,0.831584
0.966985,1.731636,0.560456,0.812553,-0.160147
5.286147,0.684790,0.343321,-0.531225,0.774552
4.827268,2.377024,0.079348,-0.687663,-0.721681
2.186278,0.204624,-0.117317,0.165911,0.979138
2.608717,2.469138,-0.536541,0.316445,-0.782295
0.064672,1.186770,0.925225,0.059920,0.374657
5.379199,0.706785,0.401638,-0.510292,0.760453
3.489112,0.421233,-0.384443,-0.139253,0.912585
5.821279,0.592211,0.499701,-0.248763,0.829708
2.034829,2.857764,-0.125331,0.250421,-0.959990
6.148030,1.815750,0.961301,-0.130722,-0.242511
0.271678,1.964903,0.889473,0.247777,-0.383984
1.573267,0.627364,-0.001450,0.587011,0.809577
3.097717,1.434344,-0.989751,0.043454,0.136030
3.351684,2.697564,-0.420135,-0.089589,-0.903028
0.210836,1.920214,0.918767,0.196631,-0.342351
1.189480,1.346148,0.362791,0.904853,0.222764
0.187741,0.886551,0.761280,0.144627,0.632089
3.846439,3.099051,-0.032395,-0.027555,-0.999095
0.789664,2.495584,0.423861,0.427493,-0.798493
3.166636,2.710912,-0.417358,-0.010454,-0.908682
1.758977,2.601747,-0.096156,0.504929,-0.857788
2.561457,2.366839,-0.585087,0.383444,-0.714593
0.554923,1.645264,0.847586,0.525417,-0.074399
3.518189,0.181563,-0.167913,-0.066405,0.983563
0.222727,0.610707,0.559282,0.126669,0.819243
5.062413,1.528865,0.342619,-0.938539,0.041919
0.564622,3.120853,0.017519,0.011097,-0.999785
3.842255,1.446551,-0.758523,-0.639755,0.123926
5.175143,2.138390,0.376415,-0.754515,-0.537605
2.599279,1.656947,-0.853340,0.514205,-0.086044
3.558447,2.314185,-0.673138,-0.298069,-0.676786
3.662315,0.799931,-0.622236,-0.356865,0.696756
0.609874,2.130510,0.694637,0.485364,-0.530944
1.145677,0.251852,0.102777,0.227017,0.968453
2.105157,1.263701,-0.485464,0.820332,0.302291
4.603941,1.295169,-0.104150,-0.956602,0.272151
1.630102,0.528183,-0.029871,0.503079,0.863724
1.544495,0.429861,0.010960,0.416601,0.909023
4.404287,2.342381,-0.217372,-0.683052,-0.697272
2.845328,2.275346,-0.728710,0.222437,-0.647691
4.783281,0.558905,0.037560,-0.528926,0.847836
3.831560,1.083487,-0.681488,-0.562420,0.468250
5.932624,2.599361,0.484663,-0.177224,-0.856559
1.104563,2.406898,0.301344,0.598812,-0.742035
0.397225,2.044075,0.820775,0.344336,-0.455807
0.198726,3.085695,0.054769,0.011030,-0.998438
3.168926,1.829739,-0.966300,-0.026419,-0.256058
2.144449,0.331644,-0.176703,0.273477,0.945508
3.863583,0.530935,-0.380004,-0.334630,0.862334
1.973046,0.889374,-0.304061,0.714685,0.629898
3.155743,0.540652,-0.514643,-0.007283,0.857373
5.616544,2.271722,0.600623,-0.472571,-0.644925
2.290794,0.122195,-0.080373,0.091638,0.992544
5.255100,0.712037,0.337443,-0.559495,0.757032
1.561973,2.895806,0.002147,0.243310,-0.969946
2.052694,2.870245,-0.124221,0.237506,-0.963411
4.941744,1.657154,0.226503,-0.970184,-0.086251
4.426280,0.308923,-0.085805,-0.291674,0.952662
6.275406,1.991813,0.912646,-0.007100,-0.408688
5.595981,0.498800,0.369792,-0.303469,0.878157
1.379671,1.113791,0.170469,0.881038,0.441263
3.108003,1.570779,-0.999436,0.033584,0.000018
4.185698,0.033916,-0.017045,-0.029314,0.999425
4.829402,2.963006,0.020739,-0.176424,-0.984096
4.850713,2.887805,0.034619,-0.248674,-0.967968
3.281749,1.509594,-0.988340,-0.139436,0.061164
0.334280,1.263673,0.900444,0.312737,0.302318
3.283712,1.379498,-0.971860,-0.139058,0.190134
1.813246,0.646409,-0.144607,0.584708,0.798252
3.481196,0.253750,-0.236698,-0.083623,0.967978
0.683956,2.773145,0.279158,0.227577,-0.932888
0.432738,0.506509,0.440408,0.203442,0.874444
3.863802,1.367603,-0.734910,-0.647445,0.201798
4.996967,1.507640,0.280193,-0.957867,0.063115
1.417830,0.680507,0.095870,0.621840,0.777254
1.370456,2.488049,0.120994,0.595843,-0.793934
6.122595,1.233704,0.931578,-0.150902,0.330744
2.640047,0.999976,-0.737824,0.404557,0.540322
0.951406,2.061570,0.512017,0.718127,-0.471308
0.672886,2.410633,0.522069,0.416069,-0.744534
1.574741,0.999462,-0.003318,0.841174,0.540755
2.728298,0.886486,-0.709614,0.311204,0.632139
0.873179,2.272538,0.490608,0.585295,-0.645549
4.101080,1.876722,-0.547291,-0.780875,-0.301176
3.866517,1.404941,-0.738278,-0.653980,0.165096
1.891582,3.038378,-0.032487,0.097776,-0.994678
0.693124,0.563879,0.411142,0.341495,0.845188
0.414540,3.074259,0.061584,0.027100,-0.997734
4.907798,1.972886,0.178682,-0.902731,-0.391343
2.878327,1.177263,-0.891739,0.240343,0.383454
4.458715,2.130634,-0.212650,-0.820224,-0.531048
2.544469,0.783008,-0.583347,0.396631,0.708795
0.550973,0.134635,0.114365,0.070271,0.990950
5.841281,0.703753,0.584924,-0.276733,0.762419
3.192026,1.615832,-0.997716,-0.050361,-0.045021
2.901791,2.224457,-0.771147,0.188551,-0.608097
1.458532,2.587127,0.058982,0.523175,-0.850182
3.735730,1.577491,-0.828613,-0.559782,-0.006695
1.010473,1.994892,0.484379,0.772041,-0.411497
5.150418,1.453342,0.421233,-0.899350,0.117184
2.688052,1.954623,-0.833496,0.406270,-0.374471
1.348997,1.178468,0.203271,0.901386,0.382341
3.258349,0.467169,-0.447294,-0.052463,0.892847
1.317082,3.024561,0.029308,0.113027,-0.993160
1.220267,2.260256,0.264960,0.724670,-0.636120
3.037644,0.535093,-0.507169,0.052910,0.860221
0.105456,2.729418,0.398378,0.042168,-0.916252
0.609105,1.640065,0.818193,0.570762,-0.069213
1.474819,0.996551,0.080459,0.835738,0.543202
0.754947,2.588293,0.382724,0.360097,-0.850795
3.932203,0.505513,-0.340632,-0.344201,0.874926
5.689074,2.347248,0.591160,-0.399344,-0.700753
3.126701,1.340598,-0.973513,0.014498,0.228170
4.968976,0.256147,0.064297,-0.245061,0.967373
6.273417,2.194526,0.811667,-0.007929,-0.584067
0.325380,2.906723,0.220505,0.074392,-0.972545
0.918331,0.644002,0.364532,0.477072,0.799699
1.494544,2.701902,0.032426,0.424422,-0.904883
4.207530,1.425499,-0.478587,-0.866020,0.144787
1.071696,2.631219,0.233815,0.428913,-0.872562
4.871890,0.762225,0.109674,-0.681767,0.723302
3.323667,0.005781,-0.005685,-0.001047,0.999983
3.082443,1.274243,-0.954677,0.056534,0.292226
4.333360,0.698556,-0.237964,-0.597467,0.765772
2.228876,0.621136,-0.355925,0.460428,0.813218
0.073784,2.808919,0.325682,0.024074,-0.945173
4.366878,2.260740,-0.261216,-0.725701,-0.636494
1.641989,2.225732,-0.056414,0.791078,-0.609108
1.149056,3.007664,0.054660,0.121829,-0.991045
0.107114,0.749137,0.677104,0.072806,0.732277
6.250687,1.903122,0.944787,-0.030715,-0.326242
5.304867,0.429952,0.232764,-0.345783,0.908986
5.209110,0.672624,0.296907,-0.547746,0.782189
1.952215,0.956891,-0.304268,0.758664,0.576064
4.400347,1.928090,-0.287615,-0.891605,-0.349740
5.730727,0.382189,0.317471,-0.195719,0.927850
2.638292,1.271224,-0.836981,0.460838,0.295111
6.167713,1.988131,0.908084,-0.105328,-0.405326
0.582675,0.274318,0.226192,0.149060,0.962610
2.593106,1.792526,-0.832424,0.508632,-0.219917
2.599115,1.968971,-0.789434,0.475873,-0.387737
2.420809,1.069951,-0.659013,0.578914,0.480167
3.487685,0.810758,-0.681833,-0.245873,0.688949
1.464659,0.458589,0.046897,0.440193,0.896678
2.171967,1.521545,-0.564922,0.823674,0.049232
4.049731,2.913747,-0.138964,-0.178074,-0.974155
0.337991,1.237452,0.891490,0.313340,0.327205
4.335786,0.127589,-0.046795,-0.118326,0.991872
0.516841,0.865275,0.661839,0.376173,0.648431
2.113286,1.435713,-0.511566,0.848624,0.134673
2.200394,2.707479,-0.247661,0.339961,-0.907243
3.971720,2.686841,-0.296391,-0.324166,-0.898370
4.713337,0.150290,0.000142,-0.149725,0.988728
3.460666,1.225417,-0.893454,-0.295163,0.338554
5.170993,0.844378,0.330941,-0.670314,0.664197
3.420028,2.738164,-0.377455,-0.107899,-0.919720
6.108902,1.795545,0.960082,-0.169042,-0.222861
5.251400,2.262280,0.395386,-0.661085,-0.637681
3.745393,2.389098,-0.562615,-0.388053,-0.729986
4.232043,2.432699,-0.300815,-0.577324,-0.759083
4.408757,2.769641,-0.108662,-0.346809,-0.931620
2.212882,2.254606,-0.464225,0.620795,-0.631750
4.818347,0.953679,0.086252,-0.810976,0.578687
2.903183,0.243585,-0.234361,0.056957,0.970480
4.564047,1.631659,-0.147525,-0.987186,-0.060825
2.932918,0.303561,-0.292436,0.061925,0.954278
2.248292,0.562018,-0.334042,0.415202,0.846182
2.252252,0.020351,-0.012819,0.015805,0.999793
0.534592,0.507760,0.418382,0.247725,0.873836
6.061297,2.404132,0.655926,-0.147979,-0.740178
3.185583,0.563487,-0.533621,-0.023489,0.845398
6.140286,2.922237,0.215383,-0.030989,-0.976038
1.697796,2.441382,-0.081616,0.639189,-0.764707
2.040221,2.153654,-0.377683,0.744582,-0.550412
1.808764,1.855331,-0.226250,0.932744,-0.280711
6.168861,0.994961,0.833263,-0.095679,0.544536
3.281632,2.664114,-0.455042,-0.064144,-0.888157
3.849609,1.391878,-0.747527,-0.639947,0.177965
2.384441,3.126830,-0.010729,0.010139,-0.999891
4.106128,2.151938,-0.476259,-0.686877,-0.548978
3.314260,2.304523,-0.731641,-0.127601,-0.669642
2.154231,2.077561,-0.481657,0.729686,-0.485351
1.156671,1.941635,0.375037,0.853239,-0.362397
4.077901,1.717899,-0.586363,-0.796677,-0.146573
3.095779,2.463425,-0.626709,0.028732,-0.778723
1.270426,2.116176,0.252952,0.816653,-0.518742
4.258564,2.846055,-0.127688,-0.261772,-0.956646
2.387412,1.256678,-0.693170,0.651189,0.308978
2.894824,0.186997,-0.180277,0.045412,0.982567
0.164526,1.038595,0.850056,0.141132,0.507432
4.467597,0.854028,-0.182719,-0.731456,0.656952
4.213149,1.216079,-0.448954,-0.823290,0.347325
3.223970,1.669740,-0.991735,-0.081882,-0.098782
3.957759,2.455944,-0.433737,-0.461284,-0.774009
5.396307,2.740168,0.246877,-0.302856,-0.920505
3.944417,2.358536,-0.490060,-0.507444,-0.708761
4.322880,1.923189,-0.356399,-0.868248,-0.345144
2.003914,1.930697,-0.392813,0.849509,-0.352181
3.799921,2.235197,-0.622756,-0.481658,-0.616588
1.388267,0.288654,0.051671,0.279933,0.958628
0.952460,1.330562,0.563033,0.791443,0.237930
2.870251,0.735053,-0.646090,0.179744,0.741795
6.280678,0.785712,0.707326,-0.001773,0.706885
2.772780,2.740131,-0.364487,0.140874,-0.920491
4.996246,2.580554,0.149011,-0.510774,-0.846703
5.951159,2.917810,0.209799,-0.072337,-0.975065
1.715994,1.363539,-0.141591,0.968301,0.205777
3.674696,0.370913,-0.312169,-0.184209,0.931997
0.824699,1.642694,0.677025,0.732446,-0.071836
0.079005,2.207506,0.801548,0.063458,-0.594553
1.617140,2.980635,-0.007425,0.160091,-0.987074
5.633690,3.081810,0.047582,-0.036134,-0.998214
1.927783,2.546052,-0.196028,0.525591,-0.827845
4.574688,1.913450,-0.129287,-0.932951,-0.335988
0.897008,2.410792,0.416466,0.521601,-0.744640
2.572824,1.807945,-0.818983,0.523521,-0.234932
4.236686,1.691593,-0.454627,-0.882493,-0.120503
1.163404,1.181991,0.366644,0.849628,0.379083
0.876897,2.894772,0.156254,0.187824,-0.969694
5.281190,0.510204,0.263039,-0.411462,0.872645
1.982034,2.620272,-0.199083,0.456503,-0.867162
3.810923,3.021831,-0.093697,-0.074130,-0.992837
4.849418,1.023677,0.116661,-0.846021,0.520229
3.380737,2.376220,-0.673089,-0.164106,-0.721124
1.636391,2.576225,-0.035116,0.534574,-0.844392
4.704355,1.999832,-0.007306,-0.909338,-0.415994
1.959319,0.235356,-0.088337,0.215810,0.972431
3.934015,0.661007,-0.431042,-0.437140,0.789374
5.696332,2.512841,0.489733,-0.325676,-0.808762
2.844334,0.074429,-0.071099,0.021780,0.997231
0.308057,0.142612,0.135439,0.043095,0.989848
4.148314,0.778424,-0.375398,-0.593382,0.712021
3.705833,2.757580,-0.316572,-0.200350,-0.927169
1.617580,1.781141,-0.045736,0.976889,-0.208797
4.909316,2.325308,0.142557,-0.714524,-0.684933
0.842272,2.751992,0.252872,0.283405,-0.925061
1.178420,0.429370,0.159186,0.384660,0.909228
0.708770,2.180173,0.622517,0.533742,-0.572356
